{"name":"sbt","version":"1.10.11","bspVersion":"2.1.0-M1","languages":["scala"],"argv":["/Users/dhandapanidhandapaniyedappalli/.sdkman/candidates/java/11.0.20-tem/bin/java","-Xms100m","-Xmx100m","-classpath","/Users/dhandapanidhandapaniyedappalli/Library/Caches/Coursier/arc/https/github.com/sbt/sbt/releases/download/v1.10.11/sbt-1.10.11.zip/sbt/bin/sbt-launch.jar","-Dsbt.script=/Users/dhandapanidhandapaniyedappalli/Library/Caches/Coursier/arc/https/github.com/sbt/sbt/releases/download/v1.10.11/sbt-1.10.11.zip/sbt/bin/sbt","xsbt.boot.Boot","-bsp"]}